{
	"objName": "Opponent1",
	"variables": [{
			"name": "Will I move?",
			"value": 1,
			"isPersistent": false
		},
		{
			"name": "random turn direction",
			"value": 2,
			"isPersistent": false
		},
		{
			"name": "Weapon Overheated?",
			"value": 15,
			"isPersistent": false
		},
		{
			"name": "Stunned!",
			"value": 0,
			"isPersistent": false
		},
		{
			"name": "Melee?",
			"value": "2",
			"isPersistent": false
		}],
	"scripts": [[20,
			11,
			[["whenIReceive", "Opponent1 Spawn"],
				["setVar:to:", "Weapon Overheated?", "15"],
				["lookLike:", "Stand"],
				["setVar:to:", "Opponent1 Health", "100"],
				["setVar:to:", "Melee?", "2"],
				["gotoX:y:", ["randomFrom:to:", -240, 240], ["randomFrom:to:", -180, 180]],
				["show"],
				["doIf", ["touching:", "Sprite1"], [["broadcast:", "Opponent1 Spawn"]]],
				["doUntil",
					false,
					[["wait:elapsed:from:", ["randomFrom:to:", 0, 0]],
						["setVar:to:", "Will I move?", ["randomFrom:to:", 1, 2]],
						["doIf",
							["=", ["readVariable", "Will I move?"], "1"],
							[["doRepeat",
									["randomFrom:to:", 5, 20],
									[["doIfElse",
											["not", ["touching:", "Sprite1"]],
											[["doIf",
													["=", ["readVariable", "Stunned!"], "0"],
													[["doIf", ["=", ["readVariable", "Opponent1 Deected player!"], "0"], [["forward:", 3]]]]]],
											[["doIf",
													["=", ["readVariable", "Stunned!"], "0"],
													[["doIf",
															["=", ["readVariable", "Opponent1 Deected player!"], "0"],
															[["doRepeat", 10, [["turnLeft:", 3]]],
																["doIf", ["touching:", "Sprite1"], [["doRepeat", 20, [["turnRight:", 3]]]]]]]]]]]]]]]]]]],
		[309,
			296,
			[["whenIReceive", "Opponent1 Attack player!"],
				["wait:elapsed:from:", ["randomFrom:to:", 0.05, ["readVariable", "AI Difficulty"]]],
				["doIf",
					[">", ["readVariable", "Opponent1 Health"], "0"],
					[["doIfElse",
							[">", ["readVariable", "Weapon Overheated?"], "0"],
							[["doIf",
									["=", ["readVariable", "Stunned!"], "0"],
									[["doIf",
											["=", ["readVariable", "Melee?"], "2"],
											[["lookLike:", "Fire"],
												["changeVar:by:", "Weapon Overheated?", -1],
												["createCloneOf", "Opponent1 laser"],
												["broadcast:", "Weapon fired"],
												["append:toList:", ["xpos"], "Weapon firedX"],
												["append:toList:", ["ypos"], "Weapon firedY"],
												["append:toList:", ["heading"], "Weapon firedDir"],
												["pointTowards:", ["getLine:ofList:", "last", "Opponent1 target"]],
												["wait:elapsed:from:", 0.03],
												["lookLike:", "Fire2"],
												["wait:elapsed:from:", 0.03],
												["lookLike:", "Fire3"],
												["wait:elapsed:from:", 0.03],
												["lookLike:", "Stand"],
												["wait:elapsed:from:", 0.03]]]]]],
							[["wait:elapsed:from:", 1]]]]]]],
		[665,
			474,
			[["doIf", [">", ["readVariable", "Weapon Overheated?"], "14"], [["setVar:to:", "Weapon Overheated?", "15"]]],
				["wait:elapsed:from:", 1]]],
		[616,
			569,
			[["whenIReceive", "Opponent1 Hit!"],
				["wait:elapsed:from:", 2],
				["doUntil", ["=", ["readVariable", "Opponent1 Health"], "100"], [["changeVar:by:", "Opponent1 Health", 1]]]]],
		[66,
			1066,
			[["whenIReceive", "Opponent1 Spawn"],
				["setVar:to:", "Stunned!", 0],
				["doUntil",
					false,
					[["doIf",
							["=", ["readVariable", "Weapon Overheated?"], "0"],
							[["lookLike:", "Overheat"],
								["wait:elapsed:from:", 0.1],
								["lookLike:", "Overheat2"],
								["wait:elapsed:from:", 0.2],
								["lookLike:", "Overheat3"],
								["wait:elapsed:from:", 0.1],
								["lookLike:", "Overheat4"],
								["wait:elapsed:from:", 0.2],
								["lookLike:", "Overheat2"],
								["wait:elapsed:from:", 0.1],
								["lookLike:", "Overheat"],
								["wait:elapsed:from:", 0.1],
								["lookLike:", "Stand"],
								["setVar:to:", "Weapon Overheated?", "1"]]]]]]],
		[597,
			20,
			[["whenIReceive", "Opponent1 turn"],
				["doIfElse",
					["=", ["readVariable", "Opponent1 turn sensor active?"], "LEFT"],
					[["turnRight:", 5]],
					[["turnLeft:", 5]]]]],
		[614,
			1099,
			[["whenIReceive", "Opponent1 Hit!"],
				["doIf", ["touching:", "Player laser"], [["pointTowards:", "Player"]]],
				["doIf", ["touching:", "Teammate1 laser"], [["pointTowards:", "Team-mate1"]]]]],
		[346,
			1099,
			[["whenIReceive", "Opponent1 Stunned!"],
				["lookLike:", "Stunned"],
				["setVar:to:", "Stunned!", "1"],
				["doIf", ["not", ["touching:", "Sprite1"]], [["forward:", -10]]],
				["doIf", ["touching:", "Sprite1"], [["forward:", 7]]],
				["wait:elapsed:from:", 1],
				["setVar:to:", "Stunned!", 0],
				["lookLike:", "Stand"]]],
		[304, 118, [["whenIReceive", "Game over!"]]],
		[240,
			7,
			[["whenIReceive", "Game over!"],
				["doRepeat", 10, [["stopScripts", "other scripts in sprite"], ["hide"]]],
				["hide"]]],
		[843,
			733.55,
			[["whenIReceive", "Opponent1 Spawn"],
				["wait:elapsed:from:", 0.1],
				["doWaitUntil", ["<", ["readVariable", "Opponent1 Health"], "0"]],
				["doIf", ["touching:", "Player laser"], [["changeVar:by:", "Player Kills", 1]]],
				["doIf", ["touching:", "Teammate1 laser"], [["changeVar:by:", "TM Kills", 1]]],
				["stopScripts", "other scripts in sprite"],
				["setVar:to:", "Opponent1 Health", "-1000"],
				["changeVar:by:", "O1 Deaths", 1],
				["changeVar:by:", "Rebel reinforcement count", -1],
				["playSound:", "Dead"],
				["lookLike:", "Dead"],
				["wait:elapsed:from:", 0.1],
				["lookLike:", "Dead2"],
				["wait:elapsed:from:", 0.1],
				["lookLike:", ["randomFrom:to:", 14, 17]],
				["stampCostume"],
				["lookLike:", "Stand"],
				["wait:elapsed:from:", 0.1],
				["hide"],
				["wait:elapsed:from:", 3],
				["doIfElse",
					[">", ["readVariable", "Rebel reinforcement count"], "1"],
					[["broadcast:", "Opponent1 Spawn"]],
					[["doIf",
							["&", ["=", ["readVariable", "Rebel reinforcement count"], "1"], ["<", ["readVariable", "Opponent2 health"], "1"]],
							[["broadcast:", "Opponent1 Spawn"]]]]]]],
		[354,
			1363,
			[["whenIReceive", "Opponent1 Spawn"],
				["doUntil",
					false,
					[["doIf",
							["=", ["readVariable", "Stunned!"], "0"],
							[["doIf",
									["|", ["<", ["distanceTo:", "Player"], "30"], ["<", ["distanceTo:", "Team-mate1"], "30"]],
									[["setVar:to:", "Melee?", ["randomFrom:to:", 1, 2]],
										["doIfElse",
											["=", ["readVariable", "Melee?"], "1"],
											[["lookLike:", "Melee"],
												["doIf", ["touching:", "Player"], [["broadcast:", "Player Stunned!"], ["changeVar:by:", "Plauer health", 0]]],
												["doIf", ["touching:", "Team-mate1"], [["broadcast:", "Teammate Stunned!"], ["changeVar:by:", "Teammate1 Health", 0]]],
												["wait:elapsed:from:", 0.1],
												["lookLike:", "Melee2"],
												["doIf", ["touching:", "Player"], [["broadcast:", "Player Stunned!"], ["changeVar:by:", "Plauer health", 0]]],
												["doIf", ["touching:", "Team-mate1"], [["broadcast:", "Teammate Stunned!"], ["changeVar:by:", "Teammate1 Health", 0]]],
												["wait:elapsed:from:", 0.1],
												["lookLike:", "Melee3"],
												["doIf", ["touching:", "Player"], [["broadcast:", "Player Stunned!"], ["changeVar:by:", "Plauer health", 0]]],
												["doIf", ["touching:", "Team-mate1"], [["broadcast:", "Teammate Stunned!"], ["changeVar:by:", "Teammate1 Health", 0]]],
												["wait:elapsed:from:", 0.1],
												["lookLike:", "Stand"],
												["doIf", ["touching:", "Player"], [["broadcast:", "Player Stunned!"], ["changeVar:by:", "Plauer health", 0]]],
												["doIf", ["touching:", "Team-mate1"], [["broadcast:", "Teammate Stunned!"], ["changeVar:by:", "Teammate1 Health", 0]]],
												["wait:elapsed:from:", 0.1],
												["setVar:to:", "Melee?", "2"]],
											[["wait:elapsed:from:", 0.5]]]]]]]]]]],
		[250, 563, [["setVar:to:", "Weapon Overheated?", 0]]],
		[275, 645.15, [["deleteLine:ofList:", 1, "Empire"]]],
		[615,
			732,
			[["whenIReceive", "Opponent1 Spawn"],
				["doUntil",
					false,
					[["wait:elapsed:from:", ["randomFrom:to:", 0, 1]],
						["setVar:to:", "random turn direction", ["randomFrom:to:", 1, 3]],
						["doIf",
							["=", ["readVariable", "random turn direction"], "1"],
							[["doRepeat", ["randomFrom:to:", 1, 10], [["turnLeft:", 5]]]]],
						["doIf",
							["=", ["readVariable", "random turn direction"], "2"],
							[["doRepeat", ["randomFrom:to:", 1, 10], [["turnRight:", 5]]]]]]]]],
		[19, 969, [["whenIReceive", "Start"], ["broadcast:", "Opponent1 Spawn"]]],
		[611,
			145,
			[["whenIReceive", "Opponent1 Spawn"],
				["doUntil",
					false,
					[["doIf",
							["<", ["readVariable", "Weapon Overheated?"], "15"],
							[["wait:elapsed:from:", 2],
								["doUntil",
									["|",
										["=", ["readVariable", "Weapon Overheated?"], "15"],
										["&", ["=", ["readVariable", "Opponent1 Deected player!"], "1"], [">", ["readVariable", "Weapon Overheated?"], "5"]]],
									[["changeVar:by:", "Weapon Overheated?", 1]]]]]]]]],
		[435,
			11,
			[["whenIReceive", "SCREEN RESET"],
				["wait:elapsed:from:", 0.1],
				["doRepeat",
					7,
					[["lookLike:", ["randomFrom:to:", 14, 17]],
						["gotoX:y:", ["randomFrom:to:", -180, 180], ["randomFrom:to:", -100, 100]],
						["stampCostume"]]],
				["lookLike:", "Stand"],
				["heading:", 179],
				["gotoX:y:", 40, 85],
				["show"]]],
		[285, 203, [["stopScripts", "other scripts in sprite"], ["hide"]]]],
	"sounds": [{
			"soundName": "Spotted target",
			"soundID": 0,
			"md5": "c12f3703a7047914fcf2b6db126b1094.wav",
			"sampleCount": 21504,
			"rate": 22050,
			"format": ""
		},
		{
			"soundName": "recording1",
			"soundID": 1,
			"md5": "af7d199a037b4de9cca5dfa9a11a5d28.wav",
			"sampleCount": 30976,
			"rate": 22050,
			"format": ""
		},
		{
			"soundName": "Dead",
			"soundID": 2,
			"md5": "b349fae8d06a14ab7b0059f57b7ba7d6.wav",
			"sampleCount": 41600,
			"rate": 22050,
			"format": ""
		}],
	"costumes": [{
			"costumeName": "Stand",
			"baseLayerID": 0,
			"baseLayerMD5": "e573a3077fdbcc244193eb6a6a416feb.svg",
			"bitmapResolution": 1,
			"rotationCenterX": 19,
			"rotationCenterY": 31
		},
		{
			"costumeName": "Fire",
			"baseLayerID": 1,
			"baseLayerMD5": "71f41baaab7e50e77a8fa3274b1ca8ba.svg",
			"bitmapResolution": 1,
			"rotationCenterX": 19,
			"rotationCenterY": 31
		},
		{
			"costumeName": "Fire2",
			"baseLayerID": 2,
			"baseLayerMD5": "c780a75dece4f2972edd3dfba44bc6f7.svg",
			"bitmapResolution": 1,
			"rotationCenterX": 19,
			"rotationCenterY": 31
		},
		{
			"costumeName": "Fire3",
			"baseLayerID": 3,
			"baseLayerMD5": "e663a2133411b4181946c864c34ca71b.svg",
			"bitmapResolution": 1,
			"rotationCenterX": 19,
			"rotationCenterY": 30
		},
		{
			"costumeName": "Overheat",
			"baseLayerID": 4,
			"baseLayerMD5": "5c1981285d73377c07c369a971879542.svg",
			"bitmapResolution": 1,
			"rotationCenterX": 19,
			"rotationCenterY": 33
		},
		{
			"costumeName": "Overheat2",
			"baseLayerID": 5,
			"baseLayerMD5": "65682531945539ee39977521db822b9b.svg",
			"bitmapResolution": 1,
			"rotationCenterX": 19,
			"rotationCenterY": 36
		},
		{
			"costumeName": "Overheat3",
			"baseLayerID": 6,
			"baseLayerMD5": "a44a561e56af0476a680548df9f466db.svg",
			"bitmapResolution": 1,
			"rotationCenterX": 19,
			"rotationCenterY": 36
		},
		{
			"costumeName": "Overheat4",
			"baseLayerID": 7,
			"baseLayerMD5": "cc89918e773abccd2594e4b5892e18af.svg",
			"bitmapResolution": 1,
			"rotationCenterX": 19,
			"rotationCenterY": 36
		},
		{
			"costumeName": "Melee",
			"baseLayerID": 8,
			"baseLayerMD5": "6b312b85b7d6d3022fbfb8bd6124af7a.svg",
			"bitmapResolution": 1,
			"rotationCenterX": 19,
			"rotationCenterY": 33
		},
		{
			"costumeName": "Melee2",
			"baseLayerID": 9,
			"baseLayerMD5": "370b65869bfbba081e4d557c5282fd81.svg",
			"bitmapResolution": 1,
			"rotationCenterX": 19,
			"rotationCenterY": 43
		},
		{
			"costumeName": "Melee3",
			"baseLayerID": 10,
			"baseLayerMD5": "af153ddb70be0a3405e313140613cb9f.svg",
			"bitmapResolution": 1,
			"rotationCenterX": 19,
			"rotationCenterY": 41
		},
		{
			"costumeName": "Dead",
			"baseLayerID": 11,
			"baseLayerMD5": "9b1212eabbb1cebf17a62d1a76eef162.svg",
			"bitmapResolution": 1,
			"rotationCenterX": 29,
			"rotationCenterY": 40
		},
		{
			"costumeName": "Dead2",
			"baseLayerID": 12,
			"baseLayerMD5": "60c5cb55cd7c684bcf0b6b24d2e0e17c.svg",
			"bitmapResolution": 1,
			"rotationCenterX": 26,
			"rotationCenterY": 37
		},
		{
			"costumeName": "Dead(Full)",
			"baseLayerID": 13,
			"baseLayerMD5": "26849c421476af6bc3267d3b28f10cd9.svg",
			"bitmapResolution": 1,
			"rotationCenterX": 36,
			"rotationCenterY": 37
		},
		{
			"costumeName": "Dead(Full)2",
			"baseLayerID": 14,
			"baseLayerMD5": "f71d85439838f6765851f99fcadbeea4.svg",
			"bitmapResolution": 1,
			"rotationCenterX": 36,
			"rotationCenterY": 54
		},
		{
			"costumeName": "Dead(Full)3",
			"baseLayerID": 15,
			"baseLayerMD5": "9851c68b604fee44222fcd7dd8271080.svg",
			"bitmapResolution": 1,
			"rotationCenterX": 57,
			"rotationCenterY": 33
		},
		{
			"costumeName": "Dead(Full)4",
			"baseLayerID": 16,
			"baseLayerMD5": "450f1efc00099d5b95e4b3bdbe4da78b.svg",
			"bitmapResolution": 1,
			"rotationCenterX": 36,
			"rotationCenterY": 36
		},
		{
			"costumeName": "Stunned",
			"baseLayerID": 17,
			"baseLayerMD5": "05f9ae4693b5decbd9db19e5e3286be8.svg",
			"bitmapResolution": 1,
			"rotationCenterX": 19,
			"rotationCenterY": 56
		}],
	"currentCostumeIndex": 0,
	"scratchX": 0,
	"scratchY": 0,
	"scale": 0.3,
	"direction": 100.88649299649518,
	"rotationStyle": "normal",
	"isDraggable": false,
	"indexInLibrary": 100000,
	"visible": true,
	"spriteInfo": {
	}
}