{
	"objName": "Team-mate1",
	"variables": [{
			"name": "Weapon Overheated?",
			"value": 98,
			"isPersistent": false
		},
		{
			"name": "Teammate1 weapon charge",
			"value": "15",
			"isPersistent": false
		},
		{
			"name": "Will I move?",
			"value": 1,
			"isPersistent": false
		},
		{
			"name": "Random turn direction",
			"value": 1,
			"isPersistent": false
		},
		{
			"name": "Stunned!",
			"value": 0,
			"isPersistent": false
		},
		{
			"name": "Melee?",
			"value": "2",
			"isPersistent": false
		}],
	"scripts": [[10, 10, [["whenIReceive", "Start"], ["wait:elapsed:from:", 0.1], ["broadcast:", "Teammate1 Spawn"]]],
		[12,
			120,
			[["whenIReceive", "Teammate1 Spawn"],
				["lookLike:", "Stand"],
				["setVar:to:", "Melee?", "2"],
				["gotoX:y:", ["randomFrom:to:", -240, 240], ["randomFrom:to:", -180, 180]],
				["show"],
				["doIf", ["touching:", "Sprite1"], [["broadcast:", "Teammate1 Spawn"]]],
				["doUntil",
					false,
					[["doIf",
							["<", ["readVariable", "Teammate1 weapon charge"], "15"],
							[["wait:elapsed:from:", 2],
								["doUntil",
									["|",
										["=", ["readVariable", "Teammate1 weapon charge"], "15"],
										["&", ["=", ["readVariable", "Teammate1 Detected opponent:"], "1"], [">", ["readVariable", "Teammate1 weapon charge"], "5"]]],
									[["changeVar:by:", "Teammate1 weapon charge", 1]]]]]]]]],
		[509,
			416,
			[["whenIReceive", "Teammate1 Spawn"],
				["setVar:to:", "Teammate1 weapon charge", "15"],
				["setVar:to:", "Teammate1 Health", "100"],
				["setVar:to:", "Stunned!", 0],
				["show"],
				["doUntil",
					false,
					[["wait:elapsed:from:", ["randomFrom:to:", 0, 0]],
						["setVar:to:", "Will I move?", ["randomFrom:to:", 1, 2]],
						["doIf",
							["=", ["readVariable", "Will I move?"], "1"],
							[["doRepeat",
									["randomFrom:to:", 5, 20],
									[["doIfElse",
											["not", ["touching:", "Sprite1"]],
											[["doIf", ["=", ["readVariable", "Teammate1 Detected opponent:"], "0"], [["forward:", 3]]]],
											[["doIf",
													["=", ["readVariable", "Teammate1 Detected opponent:"], "0"],
													[["doRepeat", 10, [["turnLeft:", 3]]],
														["doIf", ["touching:", "Sprite1"], [["doRepeat", 20, [["turnRight:", 3]]]]]]]]]]]]]]]]],
		[19,
			369,
			[["whenIReceive", "Teammate1 turn"],
				["doIfElse",
					["=", ["readVariable", "Teammate1 turn sensor active?"], "LEFT"],
					[["turnRight:", 5]],
					[["turnLeft:", 5]]]]],
		[25,
			526,
			[["whenIReceive", "Teammate1 Spawn"],
				["doUntil",
					false,
					[["wait:elapsed:from:", ["randomFrom:to:", 0, 1]],
						["setVar:to:", "Random turn direction", ["randomFrom:to:", 1, 3]],
						["doIf",
							["=", ["readVariable", "Random turn direction"], "1"],
							[["doRepeat", ["randomFrom:to:", 1, 10], [["turnLeft:", 5]]]]],
						["doIf",
							["=", ["readVariable", "Random turn direction"], "2"],
							[["doRepeat", ["randomFrom:to:", 1, 10], [["turnRight:", 5]]]]]]]]],
		[850,
			13,
			[["whenIReceive", "Teammate1 Attack!"],
				["wait:elapsed:from:", ["randomFrom:to:", 0.05, ["readVariable", "AI Difficulty"]]],
				["doIf",
					[">", ["readVariable", "Teammate1 Health"], "0"],
					[["doIfElse",
							[">", ["readVariable", "Teammate1 weapon charge"], "0"],
							[["doIf",
									["=", ["readVariable", "Stunned!"], "0"],
									[["doIf",
											["=", ["readVariable", "Melee?"], "2"],
											[["lookLike:", "Fire"],
												["changeVar:by:", "Teammate1 weapon charge", -1],
												["pointTowards:", ["getLine:ofList:", "last", "Teammate1 Target:"]],
												["createCloneOf", "Teammate1 laser"],
												["broadcast:", "Weapon fired"],
												["append:toList:", ["xpos"], "Weapon firedX"],
												["append:toList:", ["ypos"], "Weapon firedY"],
												["append:toList:", ["heading"], "Weapon firedDir"],
												["wait:elapsed:from:", 0.03],
												["lookLike:", "Fire2"],
												["wait:elapsed:from:", 0.03],
												["lookLike:", "Fire3"],
												["wait:elapsed:from:", 0.03],
												["lookLike:", "Stand"],
												["wait:elapsed:from:", 0.01]]]]]],
							[["wait:elapsed:from:", 1]]]]]]],
		[919,
			638,
			[["whenIReceive", "Teammate1 Hit!"],
				["wait:elapsed:from:", 2],
				["doUntil", ["=", ["readVariable", "Teammate1 Health"], "100"], [["changeVar:by:", "Teammate1 Health", 1]]]]],
		[404,
			8,
			[["whenIReceive", "Teammate1 Spawn"],
				["doUntil",
					false,
					[["doIf",
							["=", ["readVariable", "Teammate1 Detected opponent:"], "1"],
							[["playSound:", ["randomFrom:to:", 1, 4]],
								["doWaitUntil", ["=", ["readVariable", "Teammate1 Detected opponent:"], "0"]],
								["playSound:", "Lost opponent"]]]]]]],
		[313,
			485,
			[["whenIReceive", "Teammate1 Spawn"],
				["doUntil", false, [["setVolumeTo:", ["-", 200, ["distanceTo:", "Player"]]]]]]],
		[392,
			202,
			[["whenIReceive", "Teammate1 Hit!"], ["doIf", ["touching:", "Opponent1 laser"], [["pointTowards:", "Opponent1 laser"]]]]],
		[532, 1520, [["readVariable", "Stunned!"]]],
		[17,
			917,
			[["whenIReceive", "Teammate1 Spawn"],
				["doUntil",
					false,
					[["doIf",
							["=", ["readVariable", "Stunned!"], "0"],
							[["doIf",
									["|", ["<", ["distanceTo:", "Opponent1"], "30"], ["<", ["distanceTo:", "Opponent2"], "30"]],
									[["setVar:to:", "Melee?", ["randomFrom:to:", 1, 2]],
										["doIfElse",
											["=", ["readVariable", "Melee?"], "1"],
											[["lookLike:", "Melee"],
												["doIf", ["touching:", "Opponent1"], [["broadcast:", "Opponent1 Stunned!"], ["changeVar:by:", "Opponent1 Health", 0]]],
												["doIf", ["touching:", "Opponent2"], [["broadcast:", "Opponent2 Stunned!"], ["changeVar:by:", "Opponent2 health", 0]]],
												["wait:elapsed:from:", 0.1],
												["lookLike:", "Melee2"],
												["doIf", ["touching:", "Opponent1"], [["broadcast:", "Opponent1 Stunned!"], ["changeVar:by:", "Opponent1 Health", 0]]],
												["doIf", ["touching:", "Opponent2"], [["broadcast:", "Opponent2 Stunned!"], ["changeVar:by:", "Opponent2 health", 0]]],
												["wait:elapsed:from:", 0.1],
												["lookLike:", "Melee3"],
												["doIf", ["touching:", "Opponent1"], [["broadcast:", "Opponent1 Stunned!"], ["changeVar:by:", "Opponent1 Health", 0]]],
												["doIf", ["touching:", "Opponent2"], [["broadcast:", "Opponent2 Stunned!"], ["changeVar:by:", "Opponent2 health", 0]]],
												["wait:elapsed:from:", 0.1],
												["lookLike:", "Stand"],
												["doIf", ["touching:", "Opponent1"], [["broadcast:", "Opponent1 Stunned!"], ["changeVar:by:", "Opponent1 Health", 0]]],
												["doIf", ["touching:", "Opponent2"], [["broadcast:", "Opponent2 Stunned!"], ["changeVar:by:", "Opponent2 health", 0]]],
												["wait:elapsed:from:", 0.1],
												["setVar:to:", "Melee?", "2"]],
											[["wait:elapsed:from:", 0.5]]]]]]]]]]],
		[300, 1537.5, [["readVariable", "Melee?"]]],
		[889,
			829,
			[["whenIReceive", "Teammate1 Spawn"],
				["show"],
				["wait:elapsed:from:", 0.1],
				["doWaitUntil", ["<", ["readVariable", "Teammate1 Health"], "0"]],
				["doIf", ["touching:", "Opponent1 laser"], [["changeVar:by:", "O1 Kills", 1]]],
				["doIf", ["touching:", "Opponent2 laser"], [["changeVar:by:", "O2 Deaths", 1]]],
				["changeVar:by:", "Empire reinforcement count", -1],
				["changeVar:by:", "TM Deaths", 1],
				["setVar:to:", "Teammate1 Health", "-1000"],
				["stopScripts", "other scripts in sprite"],
				["lookLike:", "Dead"],
				["wait:elapsed:from:", 0.1],
				["lookLike:", "Dead2"],
				["wait:elapsed:from:", 0.1],
				["lookLike:", ["randomFrom:to:", 19, 22]],
				["stampCostume"],
				["wait:elapsed:from:", 0.1],
				["lookLike:", "Stand"],
				["hide"],
				["wait:elapsed:from:", 3],
				["doIfElse",
					[">", ["readVariable", "Empire reinforcement count"], "1"],
					[["broadcast:", "Teammate1 Spawn"]],
					[["doIf",
							["&", ["=", ["readVariable", "Empire reinforcement count"], "1"], ["<", ["readVariable", "Plauer health"], "1"]],
							[["broadcast:", "Teammate1 Spawn"]]]]]]],
		[217,
			10,
			[["whenIReceive", "Game over!"],
				["doRepeat", 10, [["stopScripts", "other scripts in sprite"], ["hide"]]],
				["hide"]]],
		[142, 35, [["whenIReceive", "Game over!"], ["stopScripts", "other scripts in sprite"], ["hide"]]],
		[552,
			1275.8,
			[["whenIReceive", "Teammate Stunned!"],
				["lookLike:", "Stunned"],
				["doIf", ["not", ["touching:", "Sprite1"]], [["forward:", -10]]],
				["doIf", ["touching:", "Sprite1"], [["forward:", 7]]],
				["setVar:to:", "Stunned!", "1"],
				["wait:elapsed:from:", 1],
				["setVar:to:", "Stunned!", "0"],
				["lookLike:", "Stand"]]],
		[238,
			172,
			[["whenIReceive", "SCREEN RESET"],
				["lookLike:", "Stand"],
				["heading:", 179],
				["gotoX:y:", 209, 74],
				["show"]]]],
	"sounds": [{
			"soundName": "Enemy Spotted!",
			"soundID": 0,
			"md5": "d51aca8f986fab7c7fdd2fcf1ea8ed8b.wav",
			"sampleCount": 40704,
			"rate": 22050,
			"format": ""
		},
		{
			"soundName": "Enemy spotted!2",
			"soundID": 1,
			"md5": "007430ccc5ae8424bef0023dd88fc566.wav",
			"sampleCount": 24064,
			"rate": 22050,
			"format": ""
		},
		{
			"soundName": "Enemy Spotted!3",
			"soundID": 2,
			"md5": "d853d9d4616e67a0c3d17d3734edc7ef.wav",
			"sampleCount": 32000,
			"rate": 22050,
			"format": ""
		},
		{
			"soundName": "Attack!",
			"soundID": 3,
			"md5": "d84f2c3735ce798bc39d8f3981f6e324.wav",
			"sampleCount": 24064,
			"rate": 22050,
			"format": ""
		},
		{
			"soundName": "Lost opponent",
			"soundID": 4,
			"md5": "e78a2017026217b1f29147bf3c31d7e7.wav",
			"sampleCount": 41088,
			"rate": 22050,
			"format": ""
		}],
	"costumes": [{
			"costumeName": "Stand",
			"baseLayerID": 0,
			"baseLayerMD5": "b8aea6b749e1bc631fa79a95c2f9c7dd.svg",
			"bitmapResolution": 1,
			"rotationCenterX": 13,
			"rotationCenterY": 32
		},
		{
			"costumeName": "Sprint",
			"baseLayerID": 1,
			"baseLayerMD5": "771e39e621a472face914e2cd156e646.svg",
			"bitmapResolution": 1,
			"rotationCenterX": 13,
			"rotationCenterY": 33
		},
		{
			"costumeName": "Sprint2",
			"baseLayerID": 2,
			"baseLayerMD5": "bdbc3b35192bbdccc85f40412fb64b11.svg",
			"bitmapResolution": 1,
			"rotationCenterX": 15,
			"rotationCenterY": 36
		},
		{
			"costumeName": "Sprint3",
			"baseLayerID": 3,
			"baseLayerMD5": "34c6c8b4d0e0b68c720e516542210476.svg",
			"bitmapResolution": 1,
			"rotationCenterX": 19,
			"rotationCenterY": 36
		},
		{
			"costumeName": "Fire",
			"baseLayerID": 4,
			"baseLayerMD5": "363b24c1b8a4115ea6dbdf771dae339c.svg",
			"bitmapResolution": 1,
			"rotationCenterX": 13,
			"rotationCenterY": 32
		},
		{
			"costumeName": "Fire2",
			"baseLayerID": 5,
			"baseLayerMD5": "50a6428369adbe68bf051a06c9e5dd19.svg",
			"bitmapResolution": 1,
			"rotationCenterX": 13,
			"rotationCenterY": 32
		},
		{
			"costumeName": "Fire3",
			"baseLayerID": 6,
			"baseLayerMD5": "34728f937fb652e0d32eb1312ffc588f.svg",
			"bitmapResolution": 1,
			"rotationCenterX": 13,
			"rotationCenterY": 32
		},
		{
			"costumeName": "Print",
			"baseLayerID": 7,
			"baseLayerMD5": "43e9c647bc695f3453b9a21ed91a6118.png",
			"bitmapResolution": 2,
			"rotationCenterX": 20,
			"rotationCenterY": -3
		},
		{
			"costumeName": "Print2",
			"baseLayerID": 7,
			"baseLayerMD5": "43e9c647bc695f3453b9a21ed91a6118.png",
			"bitmapResolution": 2,
			"rotationCenterX": 20,
			"rotationCenterY": 22
		},
		{
			"costumeName": "Overheat",
			"baseLayerID": 8,
			"baseLayerMD5": "c189023760bf1eaa991f02ff84d52acc.svg",
			"bitmapResolution": 1,
			"rotationCenterX": 13,
			"rotationCenterY": 32
		},
		{
			"costumeName": "Overheat2",
			"baseLayerID": 9,
			"baseLayerMD5": "e1b9abc8062e53d8d8bce2399df1c10e.svg",
			"bitmapResolution": 1,
			"rotationCenterX": 13,
			"rotationCenterY": 34
		},
		{
			"costumeName": "Overheat3",
			"baseLayerID": 10,
			"baseLayerMD5": "a5a1326203492c41e814f8c6b538d966.svg",
			"bitmapResolution": 1,
			"rotationCenterX": 13,
			"rotationCenterY": 34
		},
		{
			"costumeName": "Overheat4",
			"baseLayerID": 11,
			"baseLayerMD5": "57378de12b01a17343d81460654d2167.svg",
			"bitmapResolution": 1,
			"rotationCenterX": 13,
			"rotationCenterY": 34
		},
		{
			"costumeName": "Melee",
			"baseLayerID": 12,
			"baseLayerMD5": "d3cfbcf463d7ffab8f02db7409a44d0c.svg",
			"bitmapResolution": 1,
			"rotationCenterX": 13,
			"rotationCenterY": 32
		},
		{
			"costumeName": "Melee2",
			"baseLayerID": 13,
			"baseLayerMD5": "167c02759899a40813859e1e24ee01f1.svg",
			"bitmapResolution": 1,
			"rotationCenterX": 13,
			"rotationCenterY": 33
		},
		{
			"costumeName": "Melee3",
			"baseLayerID": 14,
			"baseLayerMD5": "8935a9dac05e9cb46710108275aa0c16.svg",
			"bitmapResolution": 1,
			"rotationCenterX": 13,
			"rotationCenterY": 33
		},
		{
			"costumeName": "Dead",
			"baseLayerID": 15,
			"baseLayerMD5": "06827a3b25b4a75be8c0681ef992f8bb.svg",
			"bitmapResolution": 1,
			"rotationCenterX": 13,
			"rotationCenterY": 35
		},
		{
			"costumeName": "Dead2",
			"baseLayerID": 16,
			"baseLayerMD5": "7150a48f3375145440fa6e8df3e16a24.svg",
			"bitmapResolution": 1,
			"rotationCenterX": 18,
			"rotationCenterY": 39
		},
		{
			"costumeName": "Dead(Full)",
			"baseLayerID": 17,
			"baseLayerMD5": "ae64cbbb5739d1e9467f6799fd1e054a.svg",
			"bitmapResolution": 1,
			"rotationCenterX": 42,
			"rotationCenterY": 44
		},
		{
			"costumeName": "Dead(Full)2",
			"baseLayerID": 18,
			"baseLayerMD5": "63475faac1db0b25c65986b3e66404a9.svg",
			"bitmapResolution": 1,
			"rotationCenterX": 42,
			"rotationCenterY": 55
		},
		{
			"costumeName": "Dead(Full)3",
			"baseLayerID": 19,
			"baseLayerMD5": "f1fb26c4b5551cf2c412f304a34dc017.svg",
			"bitmapResolution": 1,
			"rotationCenterX": 56,
			"rotationCenterY": 32
		},
		{
			"costumeName": "Dead(Full)4",
			"baseLayerID": 20,
			"baseLayerMD5": "614ee0a81aa7e998f91acf1d7b9f088c.svg",
			"bitmapResolution": 1,
			"rotationCenterX": 42,
			"rotationCenterY": 33
		},
		{
			"costumeName": "Stunned",
			"baseLayerID": 21,
			"baseLayerMD5": "e87063114dde7a37990617807ebe797f.svg",
			"bitmapResolution": 1,
			"rotationCenterX": 14,
			"rotationCenterY": 58
		}],
	"currentCostumeIndex": 0,
	"scratchX": 0,
	"scratchY": 0,
	"scale": 0.3,
	"direction": 169.9132767785389,
	"rotationStyle": "normal",
	"isDraggable": false,
	"indexInLibrary": 100000,
	"visible": true,
	"spriteInfo": {
	}
}